City_ID,City,Country,Date,Lat,Lng,Max Temp,Humidity,Cloudiness,Wind Speed
0,Dauphin,CA,2021-12-02 04:02:05,51.1494,-100.0502,27.88,95,100,8.05
1,Seymchan,RU,2021-12-02 04:02:07,62.8833,152.4333,-23.26,91,100,6.08
2,Ponta Do Sol,PT,2021-12-02 04:02:09,32.6667,-17.1,64.71,73,19,4.94
3,Ambatondrazaka,MG,2021-12-02 04:02:10,-17.8333,48.4167,68.52,79,57,6.33
4,Bilibino,RU,2021-12-02 04:02:11,68.0546,166.4372,-35.36,100,86,4.7
5,Albany,US,2021-12-02 04:00:17,42.6001,-73.9662,35.8,77,100,4.92
6,Njombe,TZ,2021-12-02 04:02:14,-9.3333,34.7667,57.99,95,100,6.11
7,Chubbuck,US,2021-12-02 04:02:16,42.9208,-112.4661,46.63,72,11,4.0
8,Vaitape,PF,2021-12-02 04:02:17,-16.5167,-151.75,79.66,76,100,12.71
9,Mar Del Plata,AR,2021-12-02 04:00:10,-38.0023,-57.5575,60.87,86,0,1.99
10,Guarapari,BR,2021-12-02 04:02:20,-20.6667,-40.4975,75.88,95,19,8.81
11,Bethel,US,2021-12-02 04:02:22,41.3712,-73.414,41.2,76,100,2.53
12,Dikson,RU,2021-12-02 04:02:24,73.5069,80.5464,-8.63,96,100,16.04
13,Hilo,US,2021-12-02 04:00:25,19.7297,-155.09,76.28,95,45,9.62
14,Yellowknife,CA,2021-12-02 04:01:02,62.456,-114.3525,-1.44,84,99,10.0
15,Tuktoyaktuk,CA,2021-12-02 04:02:29,69.4541,-133.0374,-7.92,94,100,6.55
16,Camargo,MX,2021-12-02 04:02:30,27.6667,-105.1667,65.46,48,75,3.38
17,Cabedelo,BR,2021-12-02 04:02:32,-6.9811,-34.8339,79.66,77,99,11.5
18,Thompson,CA,2021-12-02 04:02:34,55.7435,-97.8558,-5.44,91,99,5.48
19,Hami,CN,2021-12-02 04:02:37,42.8,93.45,27.66,56,0,3.04
20,Fairlie,GB,2021-12-02 04:02:39,55.756,-4.8556,37.22,81,32,15.95
21,Busselton,AU,2021-12-02 04:02:40,-33.65,115.3333,74.08,35,5,1.88
22,Sobolevo,RU,2021-12-02 04:02:42,54.4299,31.8996,22.91,94,100,10.6
23,Atuona,PF,2021-12-02 04:02:42,-9.8,-139.0333,78.82,76,70,20.92
24,Santa Lucia,ES,2021-12-02 04:02:43,27.9117,-15.5407,58.32,68,40,19.57
25,Temerloh,MY,2021-12-02 04:02:44,3.4483,102.4176,83.57,80,55,1.14
26,Nikolskoye,RU,2021-12-02 04:02:45,59.7035,30.7861,19.29,99,90,2.73
27,Olafsvik,IS,2021-12-02 04:02:46,64.8945,-23.7142,39.99,95,100,34.23
28,Ancud,CL,2021-12-02 04:02:47,-41.8697,-73.8203,46.29,79,100,5.59
29,Boksitogorsk,RU,2021-12-02 04:02:48,59.474,33.8485,14.61,98,97,6.51
30,Mareeba,AU,2021-12-02 04:02:50,-17.0,145.4333,93.33,56,96,7.56
31,Marawi,PH,2021-12-02 04:02:52,7.9986,124.2928,74.64,62,79,5.55
32,Mataura,NZ,2021-12-02 04:02:54,-46.1927,168.8643,66.47,46,100,5.66
33,San Policarpo,PH,2021-12-02 04:02:56,12.1791,125.5072,80.15,86,100,14.29
34,Kapaa,US,2021-12-02 04:02:58,22.0752,-159.319,77.11,73,11,4.0
35,Vaini,TO,2021-12-02 04:02:59,-21.2,-175.2,82.56,69,20,11.5
36,Port Hueneme,US,2021-12-02 04:00:39,34.1478,-119.1951,75.61,63,8,3.0
37,Puerto Ayora,EC,2021-12-02 04:03:00,-0.7393,-90.3518,68.22,91,43,7.4
38,Avarua,CK,2021-12-02 03:58:47,-21.2078,-159.775,77.05,94,20,14.97
39,Torbay,CA,2021-12-02 04:03:03,47.6666,-52.7314,38.57,90,80,1.99
40,Manjeshwar,IN,2021-12-02 04:03:05,12.7194,74.8861,81.55,81,8,5.46
41,Barrow,US,2021-12-02 04:03:07,71.2906,-156.7887,-9.38,70,90,6.91
42,Codrington,AU,2021-12-02 04:03:09,-38.2667,141.9667,64.29,71,81,18.75
43,Batemans Bay,AU,2021-12-02 04:00:14,-35.7167,150.1833,90.19,62,10,9.31
44,Ribeira Grande,PT,2021-12-02 04:03:14,38.5167,-28.7,64.15,80,3,5.26
45,Groningen,NL,2021-12-02 04:03:12,53.25,6.75,39.04,92,20,4.0
46,Goderich,CA,2021-12-02 04:01:38,43.7501,-81.7165,39.9,94,100,26.44
47,Rikitea,PF,2021-12-02 04:03:17,-23.1203,-134.9692,76.23,75,4,18.41
48,Qaanaaq,GL,2021-12-02 04:03:19,77.484,-69.3632,4.77,67,12,6.62
49,Port Keats,AU,2021-12-02 04:03:21,-14.25,129.55,93.97,49,18,13.0
50,Ola,RU,2021-12-02 04:03:22,59.5833,151.2833,4.37,87,100,26.35
51,Talnakh,RU,2021-12-02 03:59:45,69.4865,88.3972,-22.77,97,24,4.9
52,Necochea,AR,2021-12-02 04:03:24,-38.5473,-58.7368,58.03,78,2,13.33
53,Kamaishi,JP,2021-12-02 04:03:26,39.2667,141.8833,36.55,69,46,18.19
54,Salalah,OM,2021-12-02 04:03:28,17.0151,54.0924,77.09,47,0,4.61
55,Sao Filipe,CV,2021-12-02 04:03:30,14.8961,-24.4956,74.46,67,100,9.15
56,Torres,BR,2021-12-02 04:03:31,-29.3353,-49.7269,64.83,68,95,3.38
57,Castro,BR,2021-12-02 04:01:10,-24.7911,-50.0119,62.28,89,61,10.0
58,Maromitsa,RU,2021-12-02 04:03:34,59.8683,48.0123,17.87,93,100,9.01
59,Ushuaia,AR,2021-12-02 04:02:48,-54.8,-68.3,39.13,92,71,4.41
60,Cabo San Lucas,MX,2021-12-02 03:58:55,22.8909,-109.9124,77.5,67,82,7.38
61,Port Alfred,ZA,2021-12-02 04:03:37,-33.5906,26.891,66.52,93,95,11.99
62,Fort Wellington,GY,2021-12-02 04:03:38,6.4,-57.6,77.27,88,94,10.69
63,Bilma,NE,2021-12-02 04:03:41,18.6853,12.9164,64.56,20,3,6.78
64,Punta Arenas,CL,2021-12-02 04:02:29,-53.15,-70.9167,44.11,70,17,8.86
65,Souillac,MU,2021-12-02 04:01:03,-20.5167,57.5167,83.35,69,75,11.5
66,Inuvik,CA,2021-12-02 04:03:44,68.3499,-133.7218,-14.6,99,100,6.06
67,Hermanus,ZA,2021-12-02 04:03:45,-34.4187,19.2345,57.9,76,65,7.34
68,Tasiilaq,GL,2021-12-02 04:03:45,65.6145,-37.6368,25.81,90,100,32.46
69,Nouadhibou,MR,2021-12-02 04:03:46,20.931,-17.0347,66.11,46,72,21.16
70,Dongsheng,CN,2021-12-02 04:03:47,39.8161,109.9776,28.42,37,0,21.7
71,Mount Isa,AU,2021-12-02 04:00:40,-20.7333,139.5,101.97,14,0,12.66
72,Shingu,JP,2021-12-02 04:03:49,33.7333,135.9833,53.26,45,0,5.26
73,Georgetown,MY,2021-12-02 04:00:17,5.4112,100.3354,78.89,89,40,5.75
74,Geraldton,AU,2021-12-02 04:03:51,-28.7667,114.6,75.61,50,1,23.02
75,Port Elizabeth,ZA,2021-12-02 04:03:51,-33.918,25.5701,66.09,86,96,17.52
76,Bocas Del Toro,PA,2021-12-02 04:03:52,9.3333,-82.25,75.81,79,98,4.18
77,Faanui,PF,2021-12-02 04:03:52,-16.4833,-151.75,79.66,76,100,13.02
78,Dandong,CN,2021-12-02 04:00:24,40.1292,124.3947,42.84,50,2,15.43
79,Turukhansk,RU,2021-12-02 04:03:53,65.8167,87.9833,-3.48,89,91,12.01
80,Kainantu,PG,2021-12-02 04:03:54,-6.2887,145.8655,80.11,47,61,5.68
81,La Ronge,CA,2021-12-02 04:03:56,55.1001,-105.2842,10.98,95,99,1.88
82,Itarema,BR,2021-12-02 04:03:58,-2.9248,-39.9167,79.83,79,92,11.83
83,Suntar,RU,2021-12-02 04:04:00,62.1444,117.6319,-13.49,92,100,3.56
84,Abu Kamal,SY,2021-12-02 04:04:01,34.4506,40.9171,57.38,54,92,12.53
85,Tiksi,RU,2021-12-02 04:04:04,71.6872,128.8694,-29.15,100,78,4.05
86,North Platte,US,2021-12-02 04:04:06,41.1239,-100.7654,52.32,54,1,7.0
87,Bredasdorp,ZA,2021-12-02 04:04:08,-34.5322,20.0403,52.29,69,80,8.66
88,Victoria,HK,2021-12-02 04:00:41,22.2855,114.1577,68.25,37,11,3.0
89,East London,ZA,2021-12-02 04:04:10,-33.0153,27.9116,67.14,94,90,8.05
90,Murray Bridge,AU,2021-12-02 04:04:11,-35.1167,139.2667,84.83,55,12,19.66
91,Waipawa,NZ,2021-12-02 04:04:13,-41.4122,175.5153,65.3,64,94,13.47
92,Tral,IN,2021-12-02 04:02:13,33.9333,75.1,46.83,28,39,0.65
93,Samarai,PG,2021-12-02 04:04:17,-10.6167,150.6667,86.54,72,100,13.53
94,New Norfolk,AU,2021-12-02 04:04:18,-42.7826,147.0587,74.91,53,86,5.1
95,Praia,CV,2021-12-02 04:04:18,14.9215,-23.5087,73.94,73,75,17.27
96,Raga,SS,2021-12-02 04:04:19,8.4596,25.678,72.79,51,19,3.04
97,Sorland,NO,2021-12-02 04:04:19,67.667,12.6934,35.98,53,100,35.99
98,Huarmey,PE,2021-12-02 04:04:20,-10.0681,-78.1522,66.2,86,100,6.29
99,Skjervoy,NO,2021-12-02 04:04:21,70.0311,20.9714,34.43,60,100,21.99
100,Bluff,NZ,2021-12-02 04:04:21,-46.6,168.3333,66.79,78,100,13.35
101,Sitka,US,2021-12-02 04:04:23,57.0531,-135.33,35.49,69,90,11.5
102,Mariestad,SE,2021-12-02 04:04:25,58.7097,13.8237,27.07,87,100,15.82
103,Faya,SA,2021-12-02 04:04:27,18.3851,42.4509,46.92,51,1,2.55
104,Varnavino,RU,2021-12-02 04:04:31,57.4035,45.0916,21.87,89,94,8.25
105,Dingle,PH,2021-12-02 04:04:33,10.9995,122.6711,78.84,89,100,12.01
106,Biak,ID,2021-12-02 04:04:35,-0.9131,122.8766,81.68,70,100,3.29
107,Beringovskiy,RU,2021-12-02 04:04:36,63.05,179.3167,-5.93,96,72,8.7
108,Kollam,IN,2021-12-02 04:02:00,8.8833,76.6,80.47,72,26,4.5
109,Trairi,BR,2021-12-02 04:00:38,-3.2778,-39.2689,79.56,79,83,7.87
110,Cirebon,ID,2021-12-02 04:04:38,-6.7063,108.557,87.4,60,98,3.85
111,Madoc,CA,2021-12-02 04:04:39,44.5084,-77.4745,41.05,92,100,6.73
112,Doha,QA,2021-12-02 04:02:16,25.2867,51.5333,71.58,88,20,2.3
113,Kavaratti,IN,2021-12-02 04:04:42,10.5669,72.642,82.38,77,46,11.97
114,Trelew,AR,2021-12-02 04:04:23,-43.249,-65.3051,65.01,23,34,22.32
115,Caravelas,BR,2021-12-02 04:04:43,-17.7125,-39.2481,73.38,95,76,7.02
116,Impfondo,CG,2021-12-02 04:04:44,1.6381,18.0667,69.93,98,98,2.17
117,Aklavik,CA,2021-12-02 04:04:45,68.2191,-135.0107,-13.56,98,100,9.69
118,Asau,RO,2021-12-02 04:04:46,46.4333,26.4,39.76,79,71,6.58
119,Provideniya,RU,2021-12-02 04:04:46,64.3833,-173.3,0.36,50,74,6.71
120,San Patricio,US,2021-12-02 04:04:47,28.017,-97.5169,69.89,84,97,5.64
121,Grindavik,IS,2021-12-02 04:04:48,63.8424,-22.4338,37.87,100,90,31.07
122,Pevek,RU,2021-12-02 04:04:49,69.7008,170.3133,-11.81,97,97,4.21
123,Fiche,ET,2021-12-02 04:04:50,9.8,38.7333,46.94,49,49,1.5
124,Nanakuli,US,2021-12-02 04:04:51,21.3906,-158.1547,80.55,67,1,8.05
125,Bonthe,SL,2021-12-02 04:04:54,7.5264,-12.505,77.63,85,98,3.69
126,Hobart,AU,2021-12-02 04:00:29,-42.8794,147.3294,75.25,68,75,1.01
127,Aloleng,PH,2021-12-02 04:04:57,16.1307,119.7824,81.93,62,86,8.88
128,Lagoa,PT,2021-12-02 04:04:59,39.05,-27.9833,62.94,82,0,7.94
129,Chitradurga,IN,2021-12-02 04:05:02,14.2333,76.4,73.27,76,15,8.77
130,Hithadhoo,MV,2021-12-02 04:03:38,-0.6,73.0833,82.15,74,90,6.08
131,Berberati,CF,2021-12-02 04:05:07,4.2612,15.7922,69.57,87,99,1.5
132,Koygorodok,RU,2021-12-02 04:05:08,60.445,50.9968,15.91,95,78,6.69
133,Laguna,US,2021-12-02 04:05:10,38.421,-121.4238,65.97,90,1,0.0
134,Cape Town,ZA,2021-12-02 04:05:13,-33.9258,18.4232,59.34,74,1,12.08
135,Ipixuna,BR,2021-12-02 04:05:17,-1.7625,-48.8043,78.75,92,76,3.15
136,Butaritari,KI,2021-12-02 04:05:18,3.0707,172.7902,82.33,75,78,11.92
137,Saint-Philippe,RE,2021-12-02 04:05:19,-21.3585,55.7679,80.15,84,59,11.12
138,Klaksvik,FO,2021-12-02 04:05:20,62.2266,-6.589,34.72,62,98,22.28
139,Longyearbyen,SJ,2021-12-02 04:05:21,78.2186,15.6401,12.04,67,20,6.91
140,Jamestown,US,2021-12-02 04:04:23,42.097,-79.2353,40.59,92,90,3.0
141,Point Pleasant,US,2021-12-02 04:02:06,40.0832,-74.0682,49.01,70,90,0.0
142,Whyalla,AU,2021-12-02 04:05:23,-33.0333,137.5833,72.45,60,3,22.19
143,Chokurdakh,RU,2021-12-02 04:05:24,70.6333,147.9167,-37.5,100,91,5.95
144,Katsuura,JP,2021-12-02 04:05:26,35.1333,140.3,55.51,34,0,1.95
145,Santa Isabel,BR,2021-12-02 04:05:28,-23.3156,-46.2214,71.65,88,92,3.96
146,Naze,JP,2021-12-02 04:05:30,28.3667,129.4833,58.51,64,90,12.39
147,Lebu,CL,2021-12-02 04:01:08,-37.6167,-73.65,52.92,92,100,12.77
148,Saskylakh,RU,2021-12-02 04:05:34,71.9167,114.0833,-35.97,100,98,1.14
149,Sakaiminato,JP,2021-12-02 04:01:22,35.55,133.2333,50.92,53,38,15.68
150,Turtas,RU,2021-12-02 04:05:38,58.9417,69.1325,34.57,80,100,13.29
151,Hamilton,US,2021-12-02 04:03:57,39.1834,-84.5333,53.11,89,75,3.0
152,Yeppoon,AU,2021-12-02 04:05:39,-23.1333,150.7333,85.78,66,20,10.47
153,Roma,US,2021-12-02 04:05:40,43.2128,-75.4557,42.66,80,20,6.91
154,Ondjiva,AO,2021-12-02 04:05:40,-17.0667,15.7333,71.49,64,100,2.8
155,Khatanga,RU,2021-12-02 04:05:42,71.9667,102.5,-41.66,100,92,1.16
156,Waitati,NZ,2021-12-02 04:05:44,-45.75,170.5667,59.32,85,100,10.11
157,Qurayyat,SA,2021-12-02 04:05:44,31.3318,37.3428,52.83,74,38,6.6
158,Deputatskiy,RU,2021-12-02 04:05:45,69.3,139.9,-37.1,100,55,1.97
159,Bitung,ID,2021-12-02 04:05:45,1.4451,125.1824,90.45,70,94,4.14
160,Nelson Bay,AU,2021-12-02 04:05:46,-32.7167,152.15,80.78,70,17,5.01
161,Barabai,ID,2021-12-02 04:05:47,-2.5833,115.3833,92.37,51,72,3.13
162,Tomatlan,MX,2021-12-02 04:05:48,19.9333,-105.25,70.79,87,3,3.18
163,Iqaluit,CA,2021-12-02 04:05:49,63.7506,-68.5145,13.73,79,75,2.3
164,Pisco,PE,2021-12-02 04:05:50,-13.7,-76.2167,64.45,82,0,6.91
165,Namatanai,PG,2021-12-02 04:05:51,-3.6667,152.4333,84.87,68,100,5.77
166,Taksimo,RU,2021-12-02 04:05:52,56.3444,114.8794,6.76,77,19,4.21
167,Truro,GB,2021-12-02 04:01:50,50.2653,-5.0544,45.68,76,40,19.57
168,George,ZA,2021-12-02 04:05:53,-33.963,22.4617,58.55,94,90,8.05
169,Palmerston,AU,2021-12-02 04:05:54,-12.486,130.9833,99.03,60,75,12.66
170,Dundwaraganj,IN,2021-12-02 04:05:56,27.7333,78.95,65.44,39,100,5.03
171,Flinders,AU,2021-12-02 04:05:57,-34.5833,150.8552,86.81,70,31,13.49
172,Novotroitskaya,RU,2021-12-02 04:05:58,45.3267,41.5253,39.15,95,84,3.13
173,Bonavista,CA,2021-12-02 04:05:59,48.6499,-53.1147,36.12,72,17,9.13
174,Kaitangata,NZ,2021-12-02 04:06:00,-46.2817,169.8464,64.92,78,100,10.8
175,Sola,VU,2021-12-02 04:06:04,-13.8833,167.55,82.02,71,6,4.36
176,Nome,US,2021-12-02 04:06:06,64.5011,-165.4064,-9.33,64,1,6.91
177,Ostrovnoy,RU,2021-12-02 04:06:08,68.0531,39.5131,27.3,71,100,32.41
178,San Cristobal,VE,2021-12-02 04:06:10,7.7669,-72.225,66.38,92,61,1.72
179,Pangnirtung,CA,2021-12-02 04:05:10,66.1451,-65.7125,-1.16,97,98,6.44
180,Vila Franca Do Campo,PT,2021-12-02 04:06:14,37.7167,-25.4333,62.2,85,33,5.59
181,Ljungby,SE,2021-12-02 04:06:16,56.8332,13.9408,30.61,91,100,22.06
182,Nybro,SE,2021-12-02 04:01:32,56.7446,15.9071,33.42,97,100,21.18
183,Leningradskiy,RU,2021-12-02 04:06:20,69.3833,178.4167,-13.95,86,100,2.93
184,Arlit,NE,2021-12-02 04:06:22,18.7369,7.3853,63.82,22,2,0.98
185,Lompoc,US,2021-12-02 04:06:23,34.6391,-120.4579,66.52,100,90,0.0
186,Vao,NC,2021-12-02 04:06:23,-22.6667,167.4833,76.91,78,59,16.06
187,Okhotsk,RU,2021-12-02 04:06:25,59.3833,143.3,4.73,86,100,28.68
188,Tessalit,ML,2021-12-02 04:06:26,20.1986,1.0114,69.39,18,34,8.68
189,Fairbanks,US,2021-12-02 04:02:52,64.8378,-147.7164,-3.69,74,100,3.09
190,Nantucket,US,2021-12-02 04:02:10,41.2835,-70.0995,46.51,67,75,3.44
191,Clyde River,CA,2021-12-02 04:06:30,70.4692,-68.5914,7.03,85,100,20.71
192,Taoudenni,ML,2021-12-02 04:06:32,22.6783,-3.9836,65.44,16,100,9.4
193,Anchorage,US,2021-12-02 04:05:43,61.2181,-149.9003,19.85,91,90,4.61
194,Takoradi,GH,2021-12-02 04:06:33,4.8845,-1.7554,79.0,85,57,6.38
195,Sao Jose Da Coroa Grande,BR,2021-12-02 04:06:35,-8.8978,-35.1478,78.75,82,95,10.07
196,Cherskiy,RU,2021-12-02 04:06:37,68.75,161.3,-35.5,100,52,3.6
197,Bardiyah,LY,2021-12-02 04:06:39,31.7561,25.0865,57.92,62,70,11.14
198,Soyo,AO,2021-12-02 04:06:40,-6.1349,12.3689,77.49,88,99,4.12
199,Khani,GE,2021-12-02 04:06:41,41.9563,42.9566,33.37,97,95,1.21
200,Port Lincoln,AU,2021-12-02 04:06:43,-34.7333,135.8667,64.26,56,27,18.63
201,Tura,IN,2021-12-02 04:06:45,25.5198,90.2201,75.54,49,9,2.77
202,Nabire,ID,2021-12-02 04:06:46,-3.3667,135.4833,81.52,82,100,0.89
203,Evensk,RU,2021-12-02 04:06:48,61.95,159.2333,5.58,88,100,33.11
204,Syracuse,IT,2021-12-02 04:04:56,37.0881,15.2792,57.31,78,3,9.04
205,Hofn,IS,2021-12-02 04:06:54,64.2539,-15.2082,29.73,96,100,6.2
206,Gimli,CA,2021-12-02 04:06:57,50.6336,-96.9907,31.42,91,64,11.48
207,Flin Flon,CA,2021-12-02 04:06:58,54.7682,-101.865,8.22,91,100,5.95
208,Tuensang,IN,2021-12-02 04:07:00,26.2833,94.8333,73.18,45,98,1.88
209,Santa Cruz Cabralia,BR,2021-12-02 04:05:23,-16.2781,-39.0247,77.23,94,90,5.75
210,Mahebourg,MU,2021-12-02 04:07:06,-20.4081,57.7,83.25,69,75,11.5
211,Hasaki,JP,2021-12-02 04:07:07,35.7333,140.8333,57.29,33,0,10.98
212,Honiara,SB,2021-12-02 04:07:09,-9.4333,159.95,83.64,78,89,1.7
213,Muros,ES,2021-12-02 04:07:10,42.7762,-9.0603,52.84,93,96,17.34
214,Lillooet,CA,2021-12-02 04:07:11,50.6856,-121.942,47.12,97,98,4.65
215,Dubbo,AU,2021-12-02 04:07:11,-32.25,148.6167,84.33,45,40,9.22
216,Kaeo,NZ,2021-12-02 04:07:13,-35.1,173.7833,68.32,90,100,9.95
217,Pacific Grove,US,2021-12-02 04:07:16,36.6177,-121.9166,63.43,56,1,1.01
218,Ulladulla,AU,2021-12-02 04:07:18,-35.35,150.4667,87.76,63,17,12.68
219,Marienburg,PL,2021-12-02 04:07:19,54.0359,19.0266,41.85,76,100,26.22
220,Jodhpur,IN,2021-12-02 04:07:22,26.2867,73.03,71.08,28,99,8.21
221,Taranagar,IN,2021-12-02 04:07:22,28.6709,75.0351,68.99,24,100,2.44
222,Aswan,EG,2021-12-02 04:07:24,24.0934,32.907,61.16,58,39,11.74
223,Sur,OM,2021-12-02 04:07:27,22.5667,59.5289,75.72,53,0,3.83
224,Lasa,IT,2021-12-02 04:07:28,46.6166,10.7002,35.02,96,100,3.11
225,San Vicente,AR,2021-12-02 04:07:29,-26.6167,-54.1333,62.92,65,76,2.75
226,Meulaboh,ID,2021-12-02 04:07:30,4.1363,96.1285,82.38,72,45,6.17
227,Lardos,GR,2021-12-02 04:07:32,36.0942,28.0157,54.95,66,0,6.17
228,Camacupa,AO,2021-12-02 04:07:34,-12.0167,17.4833,61.48,98,100,3.49
229,Puerto Colombia,CO,2021-12-02 04:04:29,10.9878,-74.9547,80.69,84,98,22.26
230,Nuuk,GL,2021-12-02 04:07:38,64.1835,-51.7216,30.18,97,100,26.4
231,Sheridan,US,2021-12-02 04:05:07,44.8333,-106.9173,64.78,26,1,1.99
232,Rio Grande,BR,2021-12-02 04:07:40,-32.035,-52.0986,62.94,69,79,9.35
233,Bambanglipuro,ID,2021-12-02 04:07:45,-7.95,110.2833,85.14,69,87,8.97
234,Machala,EC,2021-12-02 04:07:46,-3.2667,-79.9667,71.02,86,69,3.24
235,Chuy,UY,2021-12-02 04:07:49,-33.6971,-53.4616,57.6,78,14,4.99
236,Atar,MR,2021-12-02 04:07:51,20.5169,-13.0499,68.88,14,100,9.86
237,Bandarbeyla,SO,2021-12-02 04:07:53,9.4942,50.8122,76.3,62,0,14.0
238,Athabasca,CA,2021-12-02 04:07:55,54.7169,-113.2854,28.33,89,71,3.11
239,Lokosovo,RU,2021-12-02 04:07:57,61.1333,74.8167,35.73,80,100,16.51
240,Guerrero Negro,MX,2021-12-02 04:07:59,27.9769,-114.0611,63.73,84,20,9.28
241,Okha,RU,2021-12-02 04:08:01,53.5739,142.9478,20.12,86,100,42.68
242,Yerbogachen,RU,2021-12-02 04:08:03,61.2767,108.0108,-15.47,93,93,3.98
243,Batagay,RU,2021-12-02 04:08:05,67.6333,134.6333,-45.42,100,89,1.1
244,Rtishchevo,RU,2021-12-02 04:08:05,52.2604,43.7874,29.19,89,100,13.56
245,Carutapera,BR,2021-12-02 04:08:06,-1.195,-46.02,79.12,81,93,6.22
246,Praia Da Vitoria,PT,2021-12-02 04:08:08,38.7333,-27.0667,59.76,94,77,5.14
247,Oranjemund,NA,2021-12-02 04:08:10,-28.55,16.4333,59.02,92,53,13.4
248,Vavoua,CI,2021-12-02 04:08:12,7.3819,-6.4778,74.55,79,72,2.44
249,San Martin,AR,2021-12-02 04:08:14,-33.081,-68.4681,76.6,37,3,4.79
250,Alice Springs,AU,2021-12-02 04:03:24,-23.7,133.8833,98.15,12,2,10.36
251,Ponerihouen,NC,2021-12-02 04:08:18,-21.0833,165.4,80.82,76,97,8.32
252,Tromso,NO,2021-12-02 04:08:20,69.6496,18.957,32.02,51,0,9.22
253,Santa Cruz,BO,2021-12-02 04:08:19,-17.8,-63.1667,72.86,94,96,8.05
254,Behshahr,IR,2021-12-02 04:08:26,36.6923,53.5526,58.84,78,94,12.12
255,Juneau,US,2021-12-02 04:05:38,58.3019,-134.4197,35.6,84,75,6.91
256,Bengkulu,ID,2021-12-02 04:08:30,-3.8004,102.2655,83.66,65,43,8.48
257,Narsaq,GL,2021-12-02 04:08:35,60.9167,-46.05,30.09,98,100,12.3
258,Vossevangen,NO,2021-12-02 04:08:37,60.623,6.4229,23.54,93,51,1.52
259,Isangel,VU,2021-12-02 04:08:37,-19.55,169.2667,82.17,72,90,13.44
260,Thinadhoo,MV,2021-12-02 04:08:39,0.5333,72.9333,82.11,75,72,6.4
261,Julio De Castilhos,BR,2021-12-02 04:08:40,-29.2269,-53.6817,56.95,86,28,10.6
262,Rabo De Peixe,PT,2021-12-02 04:08:41,37.8,-25.5833,61.29,96,20,6.91
263,Tazovskiy,RU,2021-12-02 04:08:42,67.4667,78.7,-6.86,95,100,16.31
264,Zhigansk,RU,2021-12-02 04:08:44,66.7697,123.3711,-40.41,98,66,8.01
265,Husavik,IS,2021-12-02 04:08:48,66.0449,-17.3389,25.56,90,100,14.88
266,Aksu,CN,2021-12-02 04:08:50,41.1231,80.2644,29.97,35,0,1.77
267,Tutoia,BR,2021-12-02 04:05:09,-2.7619,-42.2744,80.67,80,90,10.98
268,Bridlington,GB,2021-12-02 04:08:54,54.0831,-0.1919,37.58,66,71,29.1
269,Garmsar,IR,2021-12-02 04:08:56,35.2182,52.3409,55.04,43,100,3.36
270,Xuddur,SO,2021-12-02 04:09:00,4.1213,43.8894,72.0,81,64,15.14
271,Norman Wells,CA,2021-12-02 04:09:02,65.282,-126.8329,-24.36,96,100,7.0
272,Henties Bay,NA,2021-12-02 04:09:04,-22.116,14.2845,58.86,95,11,3.96
273,Aitape,PG,2021-12-02 04:09:06,-3.1374,142.3475,85.35,70,100,5.57
274,Kayerkan,RU,2021-12-02 04:09:08,69.3497,87.7602,-22.02,96,31,5.53
275,Port Hardy,CA,2021-12-02 04:05:22,50.6996,-127.4199,44.76,77,100,14.72
276,Fukue,JP,2021-12-02 04:09:13,32.6881,128.8419,50.27,64,100,13.15
277,Newport,GB,2021-12-02 04:09:15,51.5877,-2.9984,39.81,84,23,7.07
278,Carnarvon,AU,2021-12-02 04:09:17,-24.8667,113.6333,76.86,48,0,20.02
279,Saldanha,ZA,2021-12-02 04:09:19,-33.0117,17.9442,59.95,79,0,18.1
280,Sechura,PE,2021-12-02 04:09:21,-5.5569,-80.8222,65.89,81,99,7.7
281,Liesveld,NL,2021-12-02 04:09:23,51.9325,4.8319,41.99,91,100,4.0
282,Bell Ville,AR,2021-12-02 04:09:25,-32.6259,-62.6887,61.81,59,0,8.12
283,Kodiak,US,2021-12-02 04:09:27,57.79,-152.4072,17.11,73,90,19.57
284,Ouadda,CF,2021-12-02 04:09:28,8.0777,22.4007,70.56,34,65,4.12
285,Barda,AZ,2021-12-02 04:09:30,40.3744,47.1267,42.08,52,86,7.18
286,Prince Rupert,CA,2021-12-02 04:08:44,54.3161,-130.3201,37.38,70,99,15.48
287,Pochutla,MX,2021-12-02 04:09:35,15.7432,-96.4661,76.05,75,44,3.27
288,Labuan,MY,2021-12-02 04:09:36,5.2767,115.2417,82.06,74,71,4.76
289,Alexandria,EG,2021-12-02 04:09:37,31.2156,29.9553,64.36,59,96,8.52
290,Mehamn,NO,2021-12-02 04:09:39,71.0357,27.8492,31.95,55,40,19.57
291,Saint George,US,2021-12-02 04:06:42,37.1041,-113.5841,55.54,32,1,1.01
292,Tuatapere,NZ,2021-12-02 04:09:43,-46.1333,167.6833,66.81,54,100,6.49
293,Amapa,BR,2021-12-02 04:09:45,1.0,-52.0,72.25,99,100,1.68
294,Nampa,US,2021-12-02 04:09:47,43.5407,-116.5635,51.4,96,1,0.0
295,Cockburn Town,TC,2021-12-02 04:09:49,21.4612,-71.1419,80.35,73,1,14.54
296,Mayumba,GA,2021-12-02 04:09:51,-3.432,10.6554,75.61,91,97,2.95
297,Berezovka,BY,2021-12-02 04:09:53,53.7214,25.4993,36.18,99,100,15.12
298,Mega,ET,2021-12-02 04:09:56,4.05,38.3,59.45,54,80,5.57
299,Soldotna,US,2021-12-02 04:10:01,60.4878,-151.0583,17.62,88,90,4.61
300,Monte Alegre De Minas,BR,2021-12-02 04:10:03,-18.8706,-48.8808,71.51,87,91,0.45
301,Upernavik,GL,2021-12-02 04:10:04,72.7868,-56.1549,28.09,96,100,5.7
302,Awbari,LY,2021-12-02 04:10:06,26.5921,12.7805,54.45,29,70,10.22
303,Umm Kaddadah,SD,2021-12-02 04:10:08,13.6017,26.6876,69.12,29,0,20.0
304,Medina,SA,2021-12-02 04:10:11,24.4686,39.6142,63.03,20,0,0.0
305,Coquimbo,CL,2021-12-02 04:10:14,-29.9533,-71.3436,56.93,88,0,2.3
306,Arraial Do Cabo,BR,2021-12-02 04:10:16,-22.9661,-42.0278,73.02,87,56,7.83
307,Aykhal,RU,2021-12-02 04:10:18,66.0,111.5,-26.55,100,94,4.16
308,Burnie,AU,2021-12-02 04:10:20,-41.0667,145.9167,69.94,79,98,4.83
309,Rawson,AR,2021-12-02 04:10:21,-43.3002,-65.1023,64.44,29,41,22.03
310,Vestmannaeyjar,IS,2021-12-02 04:10:23,63.4427,-20.2734,38.84,98,100,35.77
311,Muli,MV,2021-12-02 04:10:25,2.9167,73.5667,81.88,74,76,5.1
312,Boyabat,TR,2021-12-02 04:10:27,41.4689,34.7667,36.21,81,32,1.61
313,Los Llanos De Aridane,ES,2021-12-02 04:10:29,28.6585,-17.9182,64.15,76,40,1.99
314,Omboue,GA,2021-12-02 04:10:31,-1.5746,9.2618,75.47,94,100,4.56
315,Dehloran,IR,2021-12-02 04:10:33,32.6941,47.2679,63.91,61,80,12.03
316,Ilulissat,GL,2021-12-02 04:08:33,69.2167,-51.1,25.75,64,91,12.57
317,Front Royal,US,2021-12-02 04:10:38,38.9182,-78.1944,51.19,81,90,3.44
318,Susangerd,IR,2021-12-02 04:10:40,31.5608,48.1831,68.02,72,100,11.7
319,Izhma,RU,2021-12-02 04:10:42,65.0083,53.9113,19.44,96,100,4.52
320,Araouane,ML,2021-12-02 04:10:45,18.9048,-3.5265,68.86,19,72,10.56
321,Yokadouma,CM,2021-12-02 04:10:46,3.5167,15.05,70.2,92,98,0.51
322,Yumen,CN,2021-12-02 04:10:47,40.2833,97.2,32.59,24,0,6.91
323,Holice,CZ,2021-12-02 04:10:50,50.066,15.9859,44.73,76,75,10.0
324,Urucara,BR,2021-12-02 04:10:51,-2.5364,-57.76,74.55,96,100,2.57
325,Aba,NG,2021-12-02 04:10:53,5.1066,7.3667,75.88,94,95,4.14
326,Mauganj,IN,2021-12-02 04:10:55,24.6833,81.8833,67.66,34,98,2.13
327,Kindia,GN,2021-12-02 04:10:57,10.0569,-12.8658,69.48,81,1,0.74
328,Dawson Creek,CA,2021-12-02 04:11:00,55.7666,-120.2362,29.23,89,72,5.48
329,Kavieng,PG,2021-12-02 04:11:02,-2.5744,150.7967,84.7,69,64,8.61
330,Barcelos,PT,2021-12-02 04:11:04,41.5388,-8.6151,47.91,82,100,14.32
331,Alihe,CN,2021-12-02 04:11:06,50.5667,123.7167,15.26,59,100,9.13
332,Dryden,CA,2021-12-02 04:11:08,49.7833,-92.7503,32.29,93,90,8.05
333,Namibe,AO,2021-12-02 04:11:10,-15.1961,12.1522,69.67,82,99,2.62
334,Bathsheba,BB,2021-12-02 04:11:12,13.2167,-59.5167,81.21,78,40,20.71
335,Campo Verde,BR,2021-12-02 04:11:14,-20.4167,-54.0667,78.01,76,18,2.51
336,Nara,JP,2021-12-02 04:11:13,34.6851,135.8049,53.96,48,8,5.37
337,Kudahuvadhoo,MV,2021-12-02 04:11:18,2.6708,72.8944,81.93,75,31,5.84
338,Luorong,CN,2021-12-02 04:11:21,24.4058,109.6086,62.89,32,48,7.34
339,Baherden,TM,2021-12-02 04:11:23,38.4362,57.4316,64.63,31,100,5.82
340,Cidreira,BR,2021-12-02 04:11:25,-30.1811,-50.2056,65.03,71,94,6.31
341,Hambantota,LK,2021-12-02 04:11:28,6.1241,81.1185,81.1,71,42,2.62
342,Harrisonburg,US,2021-12-02 04:09:33,38.4496,-78.8689,50.38,72,40,0.0
343,Sydney,AU,2021-12-02 04:07:29,-33.8679,151.2073,88.56,69,20,1.99
344,Miri,MY,2021-12-02 04:11:33,4.4148,114.0089,86.61,58,56,6.2
345,Havelock,US,2021-12-02 04:11:34,34.8791,-76.9013,58.95,83,40,3.44
346,Sisimiut,GL,2021-12-02 04:11:37,66.9395,-53.6735,31.12,83,100,3.0
347,Nishihara,JP,2021-12-02 04:11:38,26.1842,127.7558,67.68,67,40,18.41
348,Yar-Sale,RU,2021-12-02 04:11:40,66.8333,70.8333,2.44,95,100,15.7
349,Itaituba,BR,2021-12-02 04:11:42,-4.2761,-55.9836,73.36,99,98,1.41
350,Ochamchira,GE,2021-12-02 04:11:43,42.7121,41.4721,42.89,88,99,4.88
351,Koslan,RU,2021-12-02 04:11:49,63.4564,48.8989,17.87,97,100,3.83
352,Fort Nelson,CA,2021-12-02 04:10:33,58.8053,-122.7002,-12.82,100,55,2.66
353,Bowen,AU,2021-12-02 04:11:52,-20.0167,148.2333,84.92,66,0,13.56
354,Adeje,ES,2021-12-02 04:11:54,28.1227,-16.726,66.97,68,75,19.57
355,Moctezuma,MX,2021-12-02 04:11:56,29.8,-109.6667,67.96,45,0,1.36
356,Chimichagua,CO,2021-12-02 04:11:58,9.2578,-73.8123,73.53,94,100,0.25
357,Broken Hill,AU,2021-12-02 04:12:00,-31.95,141.4333,97.43,17,4,15.9
358,Westport,US,2021-12-02 04:07:52,41.1415,-73.3579,46.76,76,90,1.01
359,Mazamari,PE,2021-12-02 04:12:05,-11.3258,-74.5308,69.19,97,100,2.1
360,Ayaviri,PE,2021-12-02 04:12:07,-14.8864,-70.5889,44.94,78,100,3.09
361,Aleksandrov Gay,RU,2021-12-02 04:12:09,50.147,48.5704,30.56,84,37,9.33
362,Never,FR,2021-12-02 04:12:10,46.9896,3.159,40.75,97,100,6.67
363,Kosonsoy,UZ,2021-12-02 04:12:12,41.2561,71.5508,32.56,20,90,4.38
364,Alofi,NU,2021-12-02 04:12:14,-19.0595,-169.9187,78.01,80,30,15.84
365,Vanimo,PG,2021-12-02 04:12:16,-2.6741,141.3028,84.63,70,100,3.8
366,Kargasok,RU,2021-12-02 04:12:20,59.0556,80.8572,30.33,81,100,12.3
367,Boshnyakovo,RU,2021-12-02 04:12:22,49.6333,142.1667,19.9,78,100,29.42
368,Snezhnogorsk,RU,2021-12-02 04:12:26,69.1933,33.2531,28.18,61,100,28.41
369,Noumea,NC,2021-12-02 04:12:28,-22.2763,166.4572,86.0,99,81,12.57
370,Severo-Kurilsk,RU,2021-12-02 04:12:31,50.6789,156.125,38.21,82,87,27.22
371,Tanakpur,IN,2021-12-02 04:12:32,29.0833,80.1167,69.13,47,100,2.53
372,Berdigestyakh,RU,2021-12-02 04:12:32,62.0989,126.6992,-17.59,98,91,4.25
373,Tamandare,BR,2021-12-02 04:12:33,-8.7597,-35.1047,78.69,82,94,9.69
374,Vero Beach,US,2021-12-02 04:08:10,27.6386,-80.3973,66.97,88,90,4.61
375,Ukiah,US,2021-12-02 04:12:35,39.1502,-123.2078,61.03,74,1,0.0
376,Port Blair,IN,2021-12-02 04:12:35,11.6667,92.75,78.84,89,90,9.22
377,Esperance,AU,2021-12-02 04:12:36,-33.8667,121.9,66.0,60,29,16.87
378,Bardoli,IN,2021-12-02 04:12:36,21.1167,73.1167,64.15,84,99,12.97
379,Manzhouli,CN,2021-12-02 04:12:37,49.6,117.4333,15.13,62,0,25.39
380,Sembe,CG,2021-12-02 04:12:37,1.6481,14.5806,68.27,94,88,1.01
381,Lorengau,PG,2021-12-02 04:12:37,-2.0226,147.2712,82.83,78,100,3.29
382,Brae,GB,2021-12-02 04:12:38,60.3964,-1.353,39.11,61,83,22.01
383,Teguise,ES,2021-12-02 04:12:39,29.0605,-13.564,57.42,77,0,8.05
384,Santa Rosa,PH,2021-12-02 04:08:39,14.3122,121.1114,88.11,60,73,15.39
385,Northam,GB,2021-12-02 04:12:43,51.0333,-4.2167,44.62,80,39,16.96
386,Tahta,EG,2021-12-02 04:12:44,26.7693,31.5021,59.02,72,98,7.92
387,Benghazi,LY,2021-12-02 04:08:51,32.1167,20.0667,63.95,61,36,10.56
388,Yining,CN,2021-12-02 04:12:49,29.0361,114.5636,58.05,30,7,2.17
389,Lata,PT,2021-12-02 04:12:51,40.1629,-8.3327,51.93,92,100,10.83
390,Te Anau,NZ,2021-12-02 04:12:53,-45.4167,167.7167,72.73,50,100,3.71
391,Hit,IQ,2021-12-02 04:12:54,33.6416,42.8251,60.64,49,45,7.65
392,Half Moon Bay,US,2021-12-02 04:12:55,37.4636,-122.4286,67.24,70,1,0.0
393,Verkhnevilyuysk,RU,2021-12-02 04:12:56,63.4453,120.3167,-19.73,95,100,2.28
394,Pokhara,NP,2021-12-02 04:12:58,28.2333,83.9833,65.12,56,100,1.23
395,Umm Lajj,SA,2021-12-02 04:13:00,25.0213,37.2685,73.02,65,18,11.99
396,Dubasari,MD,2021-12-02 04:13:04,47.2631,29.1608,37.29,84,50,7.61
397,Whitianga,NZ,2021-12-02 04:13:06,-36.8333,175.7,73.02,67,96,6.02
398,Shelburne,CA,2021-12-02 04:13:08,44.0787,-80.2041,35.67,89,100,16.42
399,Griffith,US,2021-12-02 04:13:10,41.5284,-87.4237,48.88,90,1,1.01
400,Nyuksenitsa,RU,2021-12-02 04:13:10,60.4128,44.2397,19.53,91,100,8.72
401,Kallifonion,GR,2021-12-02 04:13:11,39.2725,21.9561,41.31,79,1,4.14
402,Kieta,PG,2021-12-02 04:13:12,-6.2167,155.6333,84.02,70,99,2.91
403,Mwene-Ditu,CD,2021-12-02 04:13:13,-7.0,23.45,64.31,96,100,3.06
404,Tecoanapa,MX,2021-12-02 04:13:14,16.5167,-98.75,77.86,82,1,3.83
405,Salinopolis,BR,2021-12-02 04:13:15,-0.6136,-47.3561,80.6,80,62,10.13
406,Kruisfontein,ZA,2021-12-02 04:13:16,-34.0033,24.7314,63.88,88,100,14.88
407,Tumaco,CO,2021-12-02 04:13:19,1.7986,-78.8156,75.31,85,100,4.65
408,Kahului,US,2021-12-02 04:13:20,20.8947,-156.47,77.02,82,40,18.41
409,Acarau,BR,2021-12-02 04:13:22,-2.8856,-40.12,79.52,81,94,11.63
410,Bundaberg,AU,2021-12-02 04:13:24,-24.85,152.35,82.45,71,26,9.24
411,Havoysund,NO,2021-12-02 04:13:24,70.9963,24.6622,31.08,58,100,24.4
412,Kenora,CA,2021-12-02 04:13:25,49.8167,-94.4337,35.58,93,90,12.66
413,Severnyy,RU,2021-12-02 04:13:27,50.677,36.5532,19.44,93,0,6.71
414,San Ramon De La Nueva Oran,AR,2021-12-02 04:13:29,-23.1322,-64.326,82.38,50,100,1.72
415,Wanning,CN,2021-12-02 04:13:31,18.8003,110.3967,72.81,50,98,13.71
416,Anshun,CN,2021-12-02 04:13:33,26.25,105.9333,48.38,63,100,5.14
417,Vangaindrano,MG,2021-12-02 04:13:35,-23.35,47.6,76.23,84,34,5.5
418,Sao Gabriel Da Cachoeira,BR,2021-12-02 04:13:37,-0.1303,-67.0892,72.3,99,100,1.57
419,Ekhabi,RU,2021-12-02 04:13:39,53.5102,142.9671,19.72,86,100,41.56
420,Grand-Lahou,CI,2021-12-02 04:13:40,5.1367,-5.0242,78.87,85,41,6.76
421,Poum,NC,2021-12-02 04:13:41,-20.2333,164.0167,81.77,76,30,14.0
422,Shush,IR,2021-12-02 04:13:45,32.1942,48.2436,64.53,64,100,11.1
423,Stornoway,GB,2021-12-02 04:13:47,58.2093,-6.3865,34.93,90,40,3.0
424,Solnechnyy,RU,2021-12-02 04:13:49,50.7214,136.6319,14.77,77,63,6.26
425,Yulara,AU,2021-12-02 04:13:50,-25.2406,130.9889,105.64,6,0,13.8
426,Migori,KE,2021-12-02 04:13:50,-1.0634,34.4731,60.64,85,79,5.77
427,Pemangkat,ID,2021-12-02 04:13:52,1.1667,108.9667,85.86,65,67,5.1
428,Palmar,CR,2021-12-02 04:13:54,9.8728,-84.4553,78.87,87,97,3.76
429,Panzhihua,CN,2021-12-02 04:13:55,26.5851,101.7128,59.16,67,100,1.54
430,Jumla,NP,2021-12-02 04:13:57,29.2747,82.1838,46.54,95,100,3.0
431,Scalea,IT,2021-12-02 04:13:59,39.813,15.7956,57.34,76,85,12.3
432,Sal Rei,CV,2021-12-02 04:14:00,16.1833,-22.9167,72.16,67,100,20.51
433,Adrar,MR,2021-12-02 04:14:02,20.5022,-10.0711,67.17,14,100,10.04
434,Port Hedland,AU,2021-12-02 04:14:04,-20.3167,118.5667,109.45,8,12,12.66
435,Mopipi,BW,2021-12-02 04:14:06,-21.1833,24.8833,80.76,32,65,11.01
436,Gat,IL,2021-12-02 04:14:08,31.61,34.7642,63.09,63,58,7.72
437,Bambous Virieux,MU,2021-12-02 04:14:10,-20.3428,57.7575,84.22,69,75,11.5
438,Ugoofaaru,MV,2021-12-02 04:14:12,5.6667,73.0,81.73,76,25,6.98
439,Manaus,BR,2021-12-02 04:10:00,-3.1019,-60.025,79.29,89,75,2.3
440,Latung,PH,2021-12-02 04:14:19,5.5,120.8833,82.31,76,100,8.12
441,Sambava,MG,2021-12-02 04:14:20,-14.2667,50.1667,76.62,80,20,7.99
442,Nioro,GM,2021-12-02 04:14:22,13.35,-15.75,73.63,23,93,6.93
443,Jennings,US,2021-12-02 04:14:24,38.7192,-90.2604,54.61,68,20,7.0
444,San Juan,AR,2021-12-02 04:14:27,-31.5375,-68.5364,81.95,31,49,7.47
445,Mutis,CO,2021-12-02 04:14:29,6.2262,-77.4044,76.96,90,100,0.54
446,Kushmurun,KZ,2021-12-02 04:14:31,52.4503,64.6311,35.08,81,66,16.4
447,Sicuani,PE,2021-12-02 04:14:33,-14.2694,-71.2261,46.47,84,97,4.7
448,Smolenka,RU,2021-12-02 04:14:34,52.1352,113.4974,18.95,49,20,13.42
449,Chalus,IR,2021-12-02 04:14:36,36.655,51.4204,57.87,80,77,4.41
450,Constitucion,CL,2021-12-02 04:14:39,-35.3333,-72.4167,51.93,86,70,9.48
451,Kasane,BW,2021-12-02 04:14:40,-17.8167,25.15,75.9,34,80,3.11
452,Letlhakane,BW,2021-12-02 04:14:42,-21.4167,25.5833,77.45,36,62,14.36
453,Hay River,CA,2021-12-02 04:11:22,60.8156,-115.7999,3.18,96,100,2.28
454,Svetlaya,RU,2021-12-02 04:14:46,46.5389,138.3297,21.43,61,42,8.88
455,Kashary,RU,2021-12-02 04:14:49,49.04,41.0056,33.26,91,100,11.59
456,Saint-Augustin,CA,2021-12-02 04:14:50,51.226,-58.6502,16.52,90,100,1.99
457,Chifeng,CN,2021-12-02 04:14:52,42.2683,118.9636,34.66,37,63,20.11
458,Labuhan,ID,2021-12-02 04:14:54,-6.8844,112.2051,86.13,65,100,4.12
459,Toamasina,MG,2021-12-02 04:14:56,-18.1667,49.3833,77.0,83,40,5.75
460,Nacala,MZ,2021-12-02 04:14:58,-14.5428,40.6728,81.46,68,0,5.91
461,Agirish,RU,2021-12-02 04:15:00,61.9247,63.0231,18.46,95,100,7.43
462,Mackay,AU,2021-12-02 04:15:02,-21.15,149.2,88.05,67,2,12.44
463,Nanortalik,GL,2021-12-02 04:15:04,60.1432,-45.2371,33.08,92,100,21.56
464,Muriwai Beach,NZ,2021-12-02 04:15:06,-36.8167,174.45,72.95,68,100,9.28
465,Daitari,IN,2021-12-02 04:15:08,21.1,85.75,72.5,48,7,1.39
466,Camacha,PT,2021-12-02 04:15:10,33.0833,-16.3333,60.53,72,20,6.91
467,Bubaque,GW,2021-12-02 04:15:12,11.2833,-15.8333,81.52,65,99,13.22
468,Naujamiestis,LT,2021-12-02 04:15:14,55.6869,24.1523,31.96,98,100,12.86
469,Hohhot,CN,2021-12-02 04:15:18,40.8106,111.6522,25.09,54,0,4.47
470,Buchanan,LR,2021-12-02 04:15:19,5.8808,-10.0467,73.36,85,60,3.09
471,Kasur,PK,2021-12-02 04:15:19,31.1156,74.4467,57.31,27,100,2.48
472,Vadinsk,RU,2021-12-02 04:15:22,53.6916,43.0574,25.9,71,99,13.8
473,Kununurra,AU,2021-12-02 04:14:01,-15.7667,128.7333,105.78,18,97,8.05
474,Mnogovershinnyy,RU,2021-12-02 04:12:14,53.9353,139.9242,10.27,91,100,19.95
475,Mitsamiouli,KM,2021-12-02 04:15:25,-11.3847,43.2844,81.1,73,33,12.17
476,Kurilsk,RU,2021-12-02 04:12:17,45.2333,147.8833,32.81,66,99,35.01
477,Kidal,ML,2021-12-02 04:15:26,18.4411,1.4078,69.31,19,26,10.47
478,Marsh Harbour,BS,2021-12-02 04:15:28,26.5412,-77.0636,74.7,77,41,16.42
479,Bida,NG,2021-12-02 04:15:30,9.0833,6.0167,73.42,32,94,1.57
480,Warwick,US,2021-12-02 04:15:33,41.7001,-71.4162,39.88,76,75,0.0
481,Tual,ID,2021-12-02 04:15:35,-5.6667,132.75,76.8,88,100,0.81
482,Mataram,ID,2021-12-02 04:15:36,-8.5833,116.1167,88.61,74,100,1.9
483,Siniscola,IT,2021-12-02 04:15:38,40.5719,9.6922,51.35,78,73,8.01
484,Kisangani,CD,2021-12-02 04:15:40,0.5167,25.2,70.0,99,99,3.78
485,Barhi,IN,2021-12-02 04:15:42,23.9,80.8,66.65,37,100,3.31
486,Karratha,AU,2021-12-02 04:15:44,-20.7377,116.8463,99.45,22,1,13.02
487,Baculin,PH,2021-12-02 04:15:46,7.4525,126.5842,84.6,76,79,5.93
488,Dhidhdhoo,MV,2021-12-02 04:15:47,6.8833,73.1,82.02,76,38,9.08
489,Shilovo,RU,2021-12-02 04:15:49,54.3204,40.874,24.39,70,77,12.19
490,Atasu,KZ,2021-12-02 04:15:50,48.6814,71.6433,25.9,73,100,9.15
491,Balikpapan,ID,2021-12-02 04:15:52,-1.2675,116.8289,85.19,84,20,5.75
492,Avera,US,2021-12-02 04:15:54,33.194,-82.5271,57.07,52,80,7.29
493,Cananeia,BR,2021-12-02 04:15:57,-25.0147,-47.9267,70.74,91,100,4.34
494,Canandaigua,US,2021-12-02 04:15:57,42.8742,-77.288,40.24,78,98,5.01
495,Zyryanovsk,KZ,2021-12-02 04:15:59,49.7386,84.2719,1.17,93,68,1.61
496,Alpena,US,2021-12-02 04:16:01,45.0617,-83.4327,39.34,94,90,7.0
497,Kurmanayevka,RU,2021-12-02 04:16:05,52.5093,52.0675,26.85,91,22,9.35
498,Goundam,ML,2021-12-02 04:16:06,16.4145,-3.6708,72.16,14,61,8.23
499,Sinnamary,GF,2021-12-02 04:16:08,5.3833,-52.95,77.97,89,100,11.1
500,Fortuna,US,2021-12-02 04:16:12,40.5982,-124.1573,50.67,59,90,0.0
501,Axim,GH,2021-12-02 04:15:00,4.8699,-2.2405,78.24,87,29,5.44
502,Artesia,US,2021-12-02 04:16:14,33.8658,-118.0831,76.32,94,90,3.44
503,Airai,TL,2021-12-02 04:16:17,-8.9266,125.4092,77.63,49,57,2.08
504,Visby,SE,2021-12-02 04:16:19,57.6409,18.296,32.86,100,90,24.16
505,Korla,CN,2021-12-02 04:16:21,41.7597,86.1469,27.75,52,1,5.82
506,Coahuayana,MX,2021-12-02 04:16:21,18.7333,-103.6833,74.14,88,0,2.86
507,Boueni,YT,2021-12-02 04:16:23,-12.9025,45.0761,80.58,70,16,1.07
508,Khabarovsk,RU,2021-12-02 04:16:25,48.4808,135.0928,10.2,51,0,13.0
509,Nandikotkur,IN,2021-12-02 04:16:27,15.8667,78.2667,75.79,71,0,7.72
510,Waverley,ZA,2021-12-02 04:16:27,-25.7023,28.2591,67.53,67,16,3.67
511,Coari,BR,2021-12-02 04:16:28,-4.085,-63.1414,73.31,98,100,3.65
512,Almeria,ES,2021-12-02 04:16:29,37.1667,-2.3333,46.29,73,100,4.81
513,Touros,BR,2021-12-02 04:12:03,-5.1989,-35.4608,79.7,77,86,10.56
514,Vila,PT,2021-12-02 04:16:33,42.0304,-8.1588,38.32,89,100,9.53
515,Kerema,PG,2021-12-02 04:16:35,-7.9631,145.7785,84.96,76,98,7.94
516,Pozo Colorado,PY,2021-12-02 04:16:37,-23.4923,-58.7972,73.72,42,14,7.25
517,Baykit,RU,2021-12-02 04:16:38,61.67,96.37,5.16,96,100,1.95
518,Padang,ID,2021-12-02 04:16:39,-0.9492,100.3543,86.05,63,57,4.97
519,Redmond,US,2021-12-02 04:14:14,47.674,-122.1215,57.47,82,100,1.99
520,Bastia,FR,2021-12-02 04:16:42,42.6667,9.3333,54.3,71,40,5.01
521,Wad Madani,SD,2021-12-02 04:16:44,14.4012,33.5199,76.06,30,0,10.45
522,Loreto,MX,2021-12-02 04:16:46,22.2667,-101.9667,59.09,56,23,8.39
523,Gamba,GA,2021-12-02 04:16:48,-2.65,10.0,75.45,92,100,4.16
524,Berezanskaya,RU,2021-12-02 04:16:53,45.7056,39.5932,38.89,80,70,8.34
525,Hualmay,PE,2021-12-02 04:16:54,-11.0964,-77.6139,65.43,87,97,6.44
526,Saryozek,KZ,2021-12-02 04:16:56,44.3583,77.9753,40.51,32,0,5.1
527,Seinajoki,FI,2021-12-02 04:16:58,62.7945,22.8282,15.98,90,75,3.44
528,Dudinka,RU,2021-12-02 04:17:00,69.4058,86.1778,-24.57,98,55,6.87
529,Itoman,JP,2021-12-02 04:17:02,26.1247,127.6694,68.4,60,20,18.41
530,Bonga,ET,2021-12-02 04:16:15,7.2833,36.2333,57.47,82,77,1.52
531,Ahipara,NZ,2021-12-02 04:17:05,-35.1667,173.1667,70.18,71,100,5.66
532,Haines Junction,CA,2021-12-02 04:17:07,60.7522,-137.5108,12.15,92,100,1.14
533,Malakal,SS,2021-12-02 04:17:08,9.5334,31.6605,76.98,46,9,4.88
534,Pak Phanang,TH,2021-12-02 04:17:08,8.3511,100.202,85.03,79,95,12.33
535,Umarkot,PK,2021-12-02 04:17:09,25.3616,69.7362,73.2,57,3,4.43
536,Callaway,US,2021-12-02 04:17:10,30.153,-85.5699,54.91,91,1,0.0
537,Conceicao Do Araguaia,BR,2021-12-02 04:17:12,-8.2578,-49.2647,72.46,95,100,1.3
538,Bairiki,KI,2021-12-02 04:17:14,1.3292,172.9752,86.0,66,20,8.05
539,Nago,JP,2021-12-02 04:17:16,26.5881,127.9761,68.45,69,77,10.67
540,Luderitz,NA,2021-12-02 04:17:18,-26.6481,15.1594,58.46,69,0,14.83
541,Sovetskiy,RU,2021-12-02 04:17:18,61.3614,63.5842,32.56,99,100,7.47
542,Chumikan,RU,2021-12-02 04:17:19,54.7183,135.315,-1.77,84,88,23.22
543,Atbasar,KZ,2021-12-02 04:17:20,51.8,68.3333,33.53,76,100,15.55
544,Baoshan,CN,2021-12-02 04:17:21,46.5586,131.4244,18.54,81,100,10.25
545,Kuito,AO,2021-12-02 04:17:22,-12.3833,16.9333,58.64,95,100,3.02
546,Khasan,RU,2021-12-02 04:17:22,42.4308,130.6434,34.81,53,2,9.17
547,Ortakoy,TR,2021-12-02 04:17:23,38.7373,34.0387,21.45,73,2,4.07
548,Makakilo City,US,2021-12-02 04:17:24,21.3469,-158.0858,79.12,70,1,8.05
549,Sept-Iles,CA,2021-12-02 04:17:25,50.2001,-66.3821,18.12,93,40,8.05
550,Sakakah,SA,2021-12-02 04:17:25,29.9697,40.2064,53.17,77,32,7.0
551,Taldan,RU,2021-12-02 04:17:26,53.6667,124.8,9.39,60,72,8.84
552,Mawlaik,MM,2021-12-02 04:17:27,23.6333,94.4167,79.07,53,19,1.54
553,Centralia,US,2021-12-02 04:14:10,46.7162,-122.9543,55.94,86,90,0.0
554,Vila Velha,BR,2021-12-02 04:17:31,-20.3297,-40.2925,75.94,92,40,1.14
555,Lufilufi,WS,2021-12-02 04:17:33,-13.8745,-171.5986,85.78,67,99,2.01
556,Lauria,IT,2021-12-02 04:17:34,40.0465,15.8358,47.16,87,96,9.73
557,Saint-Pierre,RE,2021-12-02 04:17:36,-21.3393,55.4781,82.04,79,75,14.97
558,Twin Falls,US,2021-12-02 04:17:38,42.3505,-114.6445,42.31,87,1,0.0
559,Namtsy,RU,2021-12-02 04:17:39,62.7161,129.6658,-25.49,98,19,4.72
560,Pingxiang,CN,2021-12-02 04:17:39,27.6167,113.85,57.51,38,7,1.43
561,Lalitpur,NP,2021-12-02 04:17:41,27.6667,85.3333,61.18,63,75,2.3
562,Asyut,EG,2021-12-02 04:17:43,27.181,31.1837,58.96,73,96,9.33
563,Valle De Angeles,HN,2021-12-02 04:17:44,14.15,-87.0333,62.49,84,42,5.23
564,Cabra,ES,2021-12-02 04:17:46,37.4725,-4.4421,50.4,89,100,1.99
565,Salamiyah,SY,2021-12-02 04:17:48,35.0113,37.0532,50.23,69,5,11.07
566,Aripuana,BR,2021-12-02 04:17:52,-9.1667,-60.6333,72.66,96,100,1.66
